date,ABBOTSFORD A,ABBOTSFORD A NORMALS,ADDENBROKE ISLAND,ADDENBROKE ISLAND NORMALS,ATLIN,ATLIN NORMALS,BLUE RIVER A,BLUE RIVER A NORMALS,BOAT BLUFF,BOAT BLUFF NORMALS,CAMPBELL RIVER A,CAMPBELL RIVER A NORMALS,CASTLEGAR A,CASTLEGAR A NORMALS,COMOX A,COMOX A NORMALS,CRANBROOK A,CRANBROOK A NORMALS,DARFIELD,DARFIELD NORMALS,DRYAD POINT,DRYAD POINT NORMALS,DUNCAN LAKE DAM,DUNCAN LAKE DAM NORMALS,ESTEVAN POINT,ESTEVAN POINT NORMALS,FORT NELSON A,FORT NELSON A NORMALS,FORT ST JOHN A,FORT ST JOHN A NORMALS,GOLDEN A,GOLDEN A NORMALS,GREEN ISLAND,GREEN ISLAND NORMALS,KAMLOOPS A,KAMLOOPS A NORMALS,MERRITT STP,MERRITT STP NORMALS,MISSION WEST ABBEY,MISSION WEST ABBEY NORMALS,NANAIMO A,NANAIMO A NORMALS,NOOTKA LIGHTSTATION,NOOTKA LIGHTSTATION NORMALS,PENTICTON A,PENTICTON A NORMALS,PRINCE GEORGE STP,PRINCE GEORGE STP NORMALS,PRINCETON A,PRINCETON A NORMALS,QUALICUM R FISH RESEARCH,QUALICUM R FISH RESEARCH NORMALS,SALTSPRING ST MARY'S L,SALTSPRING ST MARY'S L NORMALS,SHAWNIGAN LAKE,SHAWNIGAN LAKE NORMALS,SMITHERS A,SMITHERS A NORMALS,SPARWOOD,SPARWOOD NORMALS,STEWART A,STEWART A NORMALS,TERRACE A,TERRACE A NORMALS,TOFINO A,TOFINO A NORMALS,VANCOUVER INT'L A,VANCOUVER INT'L A NORMALS,VICTORIA INT'L A,VICTORIA INT'L A NORMALS,WILLIAMS LAKE A,WILLIAMS LAKE A NORMALS
2010-01,199,211.7,291.3,405.7,55.9,45.6,89.8,105.4,555.8,601.9,309.4,217.5,68,75.5,241.4,171.9,29.4,25.5,8.7,42.8,175.6,279.7,63.9,93.1,425,455.5,23.4,21.5,23.2,25.4,23.6,45.9,223.6,266.2,17.4,21.1,20.2,30.5,242.2,253.4,208.8,187.9,405.9,471.6,39,26.9,37.2,54.4,33.9,39.7,292.6,211,189.5,162.1,259.8,215.3,34,42.7,17.4,53.9,95.7,238,181.8,173.5,463.8,486.6,182.8,168.4,161.4,143.2,17.4,33.1
2010-02,129.4,132.3,133,266.1,9.5,25.4,33.9,53.8,330.2,428.5,204.6,149.5,33.3,51.2,132.8,114.3,3.6,18.9,25.8,22.8,147.2,210.5,22,56.2,236.4,313.6,7.8,14.9,0.8,19,1.6,24.1,118,174.3,11.4,12.4,10,19.4,146.9,160.6,134.6,126,233.8,325.4,32,19.8,20.4,29,9.3,20.5,107.8,139.9,94.6,98.5,93,134.7,6.6,23.4,2.3,40.9,42.2,137,42.4,110.6,285.6,336.1,102.2,104.6,53.2,89.3,9.8,18.6
2010-03,120.2,149.3,244.4,263.2,14.4,17.4,54.2,64.7,596.8,428.4,146.4,140,55.5,62.9,125.2,105.7,13.4,22.2,23,25,265.2,209.2,45.9,55.5,354.2,303,24.4,18.8,34.2,23.7,21.8,24.4,253.4,189.5,20.6,12.8,29.9,16.2,184.8,168.6,108.9,113,342.6,314.2,18.4,23.6,6.7,27.4,14.9,16.5,106.4,120.6,105.4,88.6,118.2,119.2,13.8,20.6,26.8,44.2,166.3,121.8,158.4,92.3,340.2,329.8,108.2,113.9,73.4,78.4,10.2,17.9
2010-04,93.9,117.8,210.5,236.1,1,9.4,38,58.7,301.8,389.1,144.5,92.1,55.1,59.3,97,64.6,27,24.6,15,28.6,179.8,203.3,31.1,52.7,293.8,273.1,4.1,18.9,9.8,20,13.8,24.4,95.1,165.6,13.8,14.2,4.9,15.1,127.6,151.7,97,67.4,268.8,264.6,22.8,26,44.3,32.8,7.4,18.4,107.8,79.4,43.1,56.8,98.6,71,31.6,23.8,36.8,41.4,46.7,89.1,39.5,73.7,284.8,269.9,88,88.5,47.3,47.9,8.4,22.2
2010-05,149.6,99.8,97.2,162.4,13.1,18.2,55,75.8,145.1,257.7,83.6,68.4,81.3,70.3,75.2,45.6,48.2,46.1,46.2,45.6,90.2,156.9,48.5,57.6,139.6,163,41.1,49,46.5,37.9,17.2,34.5,48.6,128.7,54.6,27.3,56.8,30.1,188.2,129.9,83.4,54.3,122.4,169,75.8,39.3,41.3,42.4,45.2,29.6,87,51.3,77.4,43,99,50.6,55,38.1,55.3,60.4,30.1,72.3,46.2,56.4,161.2,153,54.2,65,61.1,37.5,38.8,39.1
2010-06,50.6,74.8,117.4,158,20.6,29.7,108.8,98.8,230.5,226.2,46,62.9,72.6,72.3,44,42.8,78.8,62.2,37.4,54.1,135,143.3,57.8,70.7,106.6,143.8,38.8,63,14.3,65.6,45.6,49.7,96.9,105.3,36.3,37.4,27.6,36.6,78.8,107.5,28.6,43.4,91.6,147.3,50.4,46.3,56.8,61.3,31.7,37.6,22.6,45.3,31,37.4,28.4,40,45.8,55.2,67.4,69.3,105.9,65.6,58.9,50.8,125.6,129.7,48.4,53.8,28.5,30.6,38.7,58.6
2010-07,1.2,43.2,24.2,108.7,10.6,32.8,41,107.3,9.7,179.8,0.6,39.4,14.8,48.1,2.4,26.7,30.8,38.3,21.6,52.1,26.4,117.1,25.5,55.9,4.2,73.7,58.4,78.4,36,75.2,11.4,50.6,46,106.7,14.8,31.4,13.1,29.1,5.2,70.7,0,25.4,1.2,79.4,7.2,28.7,16.1,58.9,22.4,29.6,2.2,26,0.2,23.2,1.6,23.2,10,45.6,53.2,46.8,51.2,73,26.4,52.8,4.6,71,0.6,35.6,1,17.9,18,52.7
2010-08,58.9,45.9,103.2,138.2,47.5,34.2,63.1,82.4,186.8,231.4,29,44.6,20.2,30.4,31,29.2,45.8,28,36.8,41.8,170.2,145.4,41.4,52.1,56.6,97.6,107.9,71.3,45.4,51.2,41.6,45.3,186.6,166.1,15.4,23.7,27.9,20.6,64,62.5,28.4,28.4,25.2,99.4,16.6,28.3,54.1,45.9,13.5,24.3,34.8,34.6,32.5,28,28.6,27.9,24.4,43.8,41.5,34.9,88.7,122.4,43.5,61.2,58.6,88.1,69.6,36.7,26.9,23.8,43.5,46.1
2010-09,192.3,75.5,455,228.1,70.4,42,102.6,71.3,587.2,366,96.2,55.2,57.8,42.4,65.8,41.8,42.4,31.3,61.8,35.2,301.8,208,74.4,53.2,254.2,133.5,44,40.2,43,44.7,57.2,38,173.6,250.3,55,29.4,44.9,24.6,228,88.8,77.6,35.8,228.6,145.4,45,24.6,55.2,53.7,44,23.8,99.8,46.3,95.6,33.1,114.2,33.3,67.2,53.8,80.4,47.4,251.6,217.3,160.3,111.5,256.8,132.8,166.4,50.9,112.3,31.1,35.2,41.8
2010-10,108.6,152.7,606,432,56.1,37.4,84.8,102.5,943.6,631.8,171,162.2,57,51.3,103,122.8,16.4,20.1,22,40,449.6,333.5,30.6,66.2,433.2,330.5,7.8,32.6,35.7,30.8,12.7,34.9,289,353.9,5.8,19.4,12,27.6,158.2,190,88.6,102.2,458.7,355.5,16,26,40.1,60.5,4.4,26.1,137.2,147.2,93.2,94,118,114.7,63.2,64.8,28.8,48.8,390.6,278,267.6,190.3,404.8,341.9,76.2,120.8,55.4,88.1,15.2,41
2010-11,159.6,248.2,355,496.4,39,36.1,94.8,115.2,617,677.8,214.4,231.9,77.8,96.7,208.2,200.5,46.3,35.3,41.4,51.4,236.8,347.2,131.9,102.2,362.2,468,17.6,25.6,15.3,29.2,49.6,51.1,172.6,296.8,21.3,23.3,32.7,35.4,144.6,288.6,164.6,197.2,345.6,480.2,21.6,28.1,54.8,47.7,28.9,44.5,161,218.1,118.9,167.9,169.6,225.4,24.3,55,57.8,72.1,205.1,230.1,208.6,187.1,389.8,492.1,143,188.9,119.5,152.6,49.2,42.2
2010-12,231.7,186.6,401.7,367.4,43.2,36.4,48.8,88.4,555.2,628.1,458,225.7,80.4,90.3,319.4,187.9,29.6,32.7,23,45.9,234.3,274.5,69,91.6,497.4,429.2,46.2,18,41.6,22,44.4,43.9,150.4,270.9,11.2,25.4,14.4,36,285.2,211.2,204.2,184.3,486.5,427.7,41.4,28.6,22.6,44.1,44.1,36.4,230.8,189.8,172.1,154.3,250.2,194.6,34.4,41.9,40.4,53.4,48.2,222.2,95.3,180.9,561,440,167.4,161.9,177,142.5,14.4,37.6
2011-01,328.2,211.7,613.6,405.7,42.3,45.6,163.2,105.4,717.2,601.9,215.2,217.5,73,75.5,119.4,171.9,38.8,25.5,60.2,42.8,379,279.7,171.1,93.1,362,455.5,24.2,21.5,58.9,25.4,75.2,45.9,172.4,266.2,25,21.1,43.7,30.5,389.6,253.4,140.6,187.9,491.5,471.6,24.2,26.9,96.9,54.4,53,39.7,157.2,211,128.4,162.1,184.8,215.3,64,42.7,78.3,53.9,208.6,238,199.5,173.5,423.4,486.6,186.3,168.4,147.3,143.2,67.4,33.1
2011-02,87.7,132.3,395.3,266.1,21.4,25.4,82.8,53.8,631.2,428.5,214.2,149.5,36.8,51.2,127.6,114.3,15.4,18.9,31,22.8,290.6,210.5,98.4,56.2,316.3,313.6,12.6,14.9,31,19,46.8,24.1,147.6,174.3,16.5,12.4,22.5,19.4,128.4,160.6,97.6,126,355,325.4,31.7,19.8,85.2,29,47.1,20.5,160.2,139.9,64.2,98.5,138.4,134.7,31.6,23.4,38.5,40.9,181.8,137,144.9,110.6,351.3,336.1,89.4,104.6,97,89.3,30,18.6
2011-03,150.8,149.3,213.4,263.2,4.7,17.4,70.9,64.7,519.8,428.4,210.8,140,102.9,62.9,200.4,105.7,24.4,22.2,36.7,25,201.2,209.2,77.8,55.5,338.8,303,23.2,18.8,47.4,23.7,48.4,24.4,93.6,189.5,30,12.8,21.8,16.2,233.6,168.6,224.8,113,324.4,314.2,37,23.6,18.2,27.4,21.6,16.5,221.4,120.6,129.1,88.6,190.4,119.2,21.6,20.6,55.5,44.2,54.8,121.8,67.5,92.3,421.2,329.8,152,113.9,115,78.4,16.4,17.9
2011-04,164.4,117.8,228,236.1,0.5,9.4,41,58.7,292,389.1,54.8,92.1,47.1,59.3,31.6,64.6,46.4,24.6,15.1,28.6,181.2,203.3,57.2,52.7,262.8,273.1,7,18.9,47.3,20,21.4,24.4,46.2,165.6,11.6,14.2,18.3,15.1,220.4,151.7,49.6,67.4,260,264.6,18,26,12.3,32.8,27.2,18.4,54,79.4,49.2,56.8,81.2,71,54.2,23.8,78.4,41.4,47.4,89.1,27.4,73.7,237.4,269.9,95.6,88.5,62.2,47.9,6.9,22.2
2011-05,135.2,99.8,125.4,162.4,31.7,18.2,85,75.8,238.6,257.7,97.4,68.4,70.2,70.3,67.2,45.6,45.6,46.1,84.8,45.6,131,156.9,35.8,57.6,194.2,163,68.2,49,12.8,37.9,53.6,34.5,81.2,128.7,53.6,27.3,44.6,30.1,204.4,129.9,70.4,54.3,212.4,169,66.4,39.3,82,42.4,53.9,29.6,58.8,51.3,76.6,43,75.2,50.6,68.8,38.1,60.8,60.4,67.2,72.3,79.4,56.4,199,153,93.8,65,68.3,37.5,97,39.1
2011-06,49.1,74.8,136,158,15.9,29.7,112.3,98.8,179.2,226.2,39.2,62.9,87.4,72.3,20.9,42.8,56.4,62.2,60.6,54.1,104.4,143.3,85.1,70.7,67.1,143.8,119.7,63,176.5,65.6,45.2,49.7,99.2,105.3,21.5,37.4,15.3,36.6,105.6,107.5,9.8,43.4,81.6,147.3,25.8,46.3,48.6,61.3,28.4,37.6,32.6,45.3,18.6,37.4,20.8,40,20.4,55.2,49.9,69.3,39.3,65.6,38.5,50.8,44.7,129.7,41,53.8,14,30.6,82.8,58.6
2011-07,75.2,43.2,175.1,108.7,7.4,32.8,170.4,107.3,323.3,179.8,46.4,39.4,40.6,48.1,33.8,26.7,28.6,38.3,62.6,52.1,232.6,117.1,81.7,55.9,87,73.7,58.8,78.4,144.9,75.2,68.8,50.6,122.5,106.7,39.2,31.4,48.4,29.1,108.6,70.7,45.6,25.4,81.2,79.4,23.2,28.7,121.8,58.9,24.5,29.6,72.8,26,16,23.2,19.8,23.2,79.6,45.6,36.4,46.8,82.3,73,77,52.8,67.6,71,37.6,35.6,20.4,17.9,109.6,52.7
2011-08,16.1,45.9,191.8,138.2,68.3,34.2,36.9,82.4,299.3,231.4,8.2,44.6,3.2,30.4,3.6,29.2,32,28,5.2,41.8,140.2,145.4,15.6,52.1,72.8,97.6,88.2,71.3,19.7,51.2,21.8,45.3,197,166.1,0.2,23.7,0,20.6,22.2,62.5,3.2,28.4,112,99.4,9.8,28.3,42.8,45.9,0,24.3,6.8,34.6,6.2,28,10.2,27.9,44.8,43.8,21.2,34.9,215.5,122.4,79.6,61.2,61,88.1,19.6,36.7,11.4,23.8,21,46.1
2011-09,91,75.5,474.1,228.1,67.4,42,62.3,71.3,832.2,366,95.8,55.2,6.6,42.4,84.9,41.8,14.6,31.3,10.4,35.2,394.2,208,30.5,53.2,295.8,133.5,19.6,40.2,26.1,44.7,31.6,38,311.4,250.3,7.2,29.4,28.8,24.6,103,88.8,53.6,35.8,274.6,145.4,4.4,24.6,75.8,53.7,13.2,23.8,100.2,46.3,38.5,33.1,67.2,33.3,69.6,53.8,30.4,47.4,424,217.3,203.3,111.5,249.9,132.8,69.6,50.9,46.5,31.1,14.6,41.8
2011-10,107,152.7,394.4,432,25.2,37.4,146.8,102.5,655.2,631.8,99.2,162.2,42,51.3,62.6,122.8,47.9,20.1,31.3,40,304.8,333.5,68,66.2,277.4,330.5,13.7,32.6,9.4,30.8,65.2,34.9,247.2,353.9,13.4,19.4,17.6,27.6,131.5,190,69.4,102.2,273.2,355.5,50,26,25.5,60.5,23.9,26.1,77,147.2,67.2,94,74,114.7,23.6,64.8,73.1,48.8,326.4,278,172.5,190.3,303.2,341.9,73.6,120.8,46,88.1,13.8,41
2011-11,165.7,248.2,489.6,496.4,50.6,36.1,146.8,115.2,937.6,677.8,183.8,231.9,89,96.7,159,200.5,57.1,35.3,30.4,51.4,356.4,347.2,105.6,102.2,421.8,468,34.8,25.6,51.4,29.2,99.4,51.1,338.6,296.8,11.7,23.3,59.3,35.4,204.4,288.6,181.2,197.2,453.8,480.2,17,28.1,69.6,47.7,55.8,44.5,253.1,218.1,137.4,167.9,186.8,225.4,85.8,55,125.1,72.1,316.9,230.1,306.2,187.1,376,492.1,123.4,188.9,127.3,152.6,32.3,42.2
2011-12,92.1,186.6,604.4,367.4,24.1,36.4,65.7,88.4,837.8,628.1,113,225.7,42.7,90.3,75.6,187.9,17,32.7,24.6,45.9,439.1,274.5,36.4,91.6,333,429.2,13.2,18,13.4,22,23.6,43.9,145.4,270.9,4.2,25.4,14.4,36,124.8,211.2,78.8,184.3,305.2,427.7,12.1,28.6,62.2,44.1,16,36.4,106,189.8,74.4,154.3,104.4,194.6,66,41.9,33.8,53.4,263,222.2,226.8,180.9,347.2,440,86.6,161.9,62.1,142.5,30.8,37.6
2012-01,180.9,211.7,706.4,405.7,56.2,45.6,108.8,105.4,1029.6,601.9,205.8,217.5,49.4,75.5,184.5,171.9,23.4,25.5,33.2,42.8,486.8,279.7,96.9,93.1,738.5,455.5,22,21.5,34.4,25.4,50,45.9,256.7,266.2,14.8,21.1,38.6,30.5,284.5,253.4,172.6,187.9,596.2,471.6,20.7,26.9,40.4,54.4,50.2,39.7,284.6,211,112.8,162.1,238.4,215.3,85,42.7,65.2,53.9,351.3,238,338.4,173.5,697.5,486.6,135.6,168.4,113.1,143.2,30.8,33.1
2012-02,152.8,132.3,164.2,266.1,16.2,25.4,45.7,53.8,323.2,428.5,169,149.5,37.4,51.2,124.8,114.3,22.8,18.9,27,22.8,154.5,210.5,50.2,56.2,330,313.6,7.9,14.9,9.3,19,20,24.1,82.7,174.3,25.5,12.4,11.4,19.4,151.6,160.6,131.6,126,290.6,325.4,16.4,19.8,36.7,29,11.5,20.5,140.2,139.9,69.1,98.5,126.8,134.7,72.4,23.4,32.7,40.9,68,137,66.8,110.6,323.4,336.1,133.6,104.6,104.5,89.3,28.2,18.6
2012-03,206.2,149.3,406.3,263.2,20.9,17.4,111.2,64.7,554.6,428.4,188.3,140,145.6,62.9,131,105.7,83,22.2,52.8,25,297,209.2,130.5,55.5,323.6,303,42.9,18.8,18.8,23.7,69.6,24.4,96.4,189.5,6.3,12.8,28,16.2,252.7,168.6,171.4,113,428,314.2,49.5,23.6,27.9,27.4,29.4,16.5,177.6,120.6,148.4,88.6,169,119.2,10.4,20.6,170.8,44.2,93.7,121.8,51.3,92.3,440.4,329.8,111.6,113.9,89.6,78.4,23.4,17.9
2012-04,141,117.8,177.4,236.1,10.8,9.4,122.8,58.7,319.8,389.1,118.8,92.1,69.9,59.3,93.2,64.6,24,24.6,33,28.6,156.6,203.3,71.9,52.7,216.4,273.1,53.1,18.9,42.2,20,48.8,24.4,62.4,165.6,25.4,14.2,24.7,15.1,193.8,151.7,56,67.4,237.4,264.6,70.6,26,56.4,32.8,27,18.4,93.2,79.4,42.7,56.8,55.8,71,57.8,23.8,42.3,41.4,41,89.1,56.7,73.7,245.1,269.9,93.2,88.5,46.5,47.9,33.8,22.2
2012-05,71.3,99.8,167.7,162.4,25,18.2,50.3,75.8,339.6,257.7,55.4,68.4,47.4,70.3,26,45.6,9.8,46.1,31.6,45.6,177.6,156.9,31.4,57.6,134.6,163,39.6,49,49.2,37.9,13.4,34.5,121,128.7,8.3,27.3,12.7,30.1,91.8,129.9,47,54.3,135.6,169,5.2,39.3,28,42.4,8.3,29.6,47.6,51.3,29.2,43,43,50.6,14,38.1,38.8,60.4,93.4,72.3,66.8,56.4,120.6,153,42.6,65,24.8,37.5,15.2,39.1
2012-06,138.4,74.8,185.2,158,30.4,29.7,213.2,98.8,373.6,226.2,112.8,62.9,227.7,72.3,77.4,42.8,123,62.2,104.8,54.1,230.8,143.3,179.8,70.7,204.4,143.8,131.2,63,84.5,65.6,110,49.7,183.4,105.3,74.4,37.4,44,36.6,182.2,107.5,65.3,43.4,233,147.3,95.7,46.3,86.2,61.3,23.6,37.6,45.2,45.3,45.1,37.4,44.2,40,88.8,55.2,111.6,69.3,79.1,65.6,67.8,50.8,194,129.7,76.8,53.8,44,30.6,100.2,58.6
2012-07,52.7,43.2,49.5,108.7,19.8,32.8,132.2,107.3,75.8,179.8,22,39.4,117.1,48.1,12.8,26.7,43.8,38.3,139.8,52.1,66.2,117.1,27.2,55.9,62.8,73.7,28,78.4,22.1,75.2,66.8,50.6,98.4,106.7,49.2,31.4,47.2,29.1,93.2,70.7,38.6,25.4,65.6,79.4,29.4,28.7,52.1,58.9,82.8,29.6,13.6,26,22.4,23.2,19.2,23.2,20.4,45.6,49.4,46.8,87.2,73,17.8,52.8,43.6,71,27.8,35.6,20.6,17.9,58.4,52.7
2012-08,3.8,45.9,101.8,138.2,41.2,34.2,44,82.4,134.2,231.4,6.4,44.6,2,30.4,5.6,29.2,10.6,28,9.2,41.8,104.8,145.4,16.1,52.1,45,97.6,46.2,71.3,23,51.2,21.6,45.3,64.8,166.1,10,23.7,4,20.6,4.3,62.5,6.4,28.4,36,99.4,4,28.3,17.2,45.9,15.4,24.3,1.8,34.6,5.2,28,3.4,27.9,16.5,43.8,33.2,34.9,67.5,122.4,49.8,61.2,13.8,88.1,2.9,36.7,1.6,23.8,27.6,46.1
2012-09,6.6,75.5,135.2,228.1,48.4,42,25.8,71.3,274,366,21.6,55.2,13.6,42.4,7.4,41.8,21.6,31.3,9,35.2,124.4,208,22.6,53.2,36.2,133.5,1.2,40.2,2.6,44.7,22.2,38,157.8,250.3,7.8,29.4,0,24.6,6.8,88.8,0.4,35.8,29.2,145.4,3.2,24.6,14.3,53.7,0,23.8,9,46.3,0,33.1,0.6,33.3,34.6,53.8,12,47.4,221.5,217.3,91.2,111.5,27,132.8,5,50.9,2.2,31.1,16.8,41.8
2012-10,261.8,152.7,281.6,432,20.3,37.4,147.5,102.5,357.2,631.8,243,162.2,86,51.3,178.2,122.8,57.2,20.1,34.4,40,220,333.5,153.1,66.2,398.5,330.5,41.2,32.6,146.5,30.8,82,34.9,156,353.9,16.9,19.4,39.3,27.6,312,190,188,102.2,429.4,355.5,85.2,26,62.2,60.5,78.6,26.1,212,147.2,180.2,94,200.2,114.7,52.6,64.8,107.2,48.8,129.4,278,125,190.3,445.8,341.9,197,120.8,153.2,88.1,42.5,41
2012-11,160.2,248.2,325.4,496.4,58.4,36.1,95.2,115.2,643.4,677.8,216.8,231.9,162.9,96.7,205,200.5,14.8,35.3,46.3,51.4,267,347.2,135.5,102.2,450,468,35.8,25.6,52.3,29.2,87.8,51.1,244.8,296.8,20.7,23.3,56.9,35.4,256.8,288.6,188.4,197.2,441.2,480.2,37.8,28.1,27.2,47.7,23.4,44.5,164.4,218.1,176.2,167.9,205,225.4,40.4,55,77.3,72.1,143.3,230.1,130.8,187.1,350,492.1,162.8,188.9,156.1,152.6,13.4,42.2
2012-12,161.2,186.6,403,367.4,34.4,36.4,139.7,88.4,603,628.1,284.1,225.7,110.4,90.3,281.2,187.9,34.2,32.7,70.8,45.9,298.4,274.5,74,91.6,438.2,429.2,21,18,45,22,49.2,43.9,196,270.9,36.4,25.4,41.1,36,272,211.2,213.4,184.3,396.8,427.7,39.7,28.6,69.9,44.1,29.5,36.4,155,189.8,217.7,154.3,238.4,194.6,26,41.9,64.9,53.4,131.1,222.2,99.1,180.9,427,440,222.4,161.9,207.7,142.5,31.6,37.6
2013-01,135.7,211.7,255,405.7,25,45.6,67.6,105.4,415.2,601.9,118.8,217.5,38.2,75.5,84.3,171.9,19.1,25.5,36,42.8,192.2,279.7,59.2,93.1,201.8,455.5,29.8,21.5,20.2,25.4,31.8,45.9,181,266.2,21.6,21.1,6,30.5,237,253.4,78.6,187.9,209.2,471.6,33.8,26.9,50.9,54.4,33.3,39.7,79.8,211,100.8,162.1,97.4,215.3,16.6,42.7,24.7,53.9,119.4,238,73.8,173.5,220.6,486.6,100.4,168.4,102.6,143.2,19.2,33.1
2013-02,102.8,132.3,434.6,266.1,8.7,25.4,71,53.8,677.2,428.5,132.6,149.5,25.7,51.2,87.1,114.3,0,18.9,27.8,22.8,324.4,210.5,22.2,56.2,430.8,313.6,6,14.9,9.6,19,12.8,24.1,162,174.3,1,12.4,3.5,19.4,203.2,160.6,83.1,126,456.4,325.4,17.7,19.8,35.8,29,3.6,20.5,98.6,139.9,68.3,98.5,93,134.7,14.6,23.4,11.8,40.9,142.8,137,35,110.6,469.6,336.1,74.4,104.6,61.5,89.3,8.8,18.6
2013-03,214.9,149.3,282.2,263.2,7.4,17.4,73.2,64.7,267.8,428.4,83.2,140,41.1,62.9,81.2,105.7,16.4,22.2,13.6,25,183.2,209.2,101.7,55.5,278.6,303,5.2,18.8,23.4,23.7,30.4,24.4,106.6,189.5,18.7,12.8,20,16.2,250.6,168.6,90.1,113,235.6,314.2,6.6,23.6,52.1,27.4,18.7,16.5,119.4,120.6,67.6,88.6,89.8,119.2,17.8,20.6,61.6,44.2,39.3,121.8,30.9,92.3,388.6,329.8,108,113.9,76.6,78.4,34,17.9
2013-04,144.3,117.8,221.4,236.1,14.9,9.4,79.6,58.7,365.8,389.1,75.7,92.1,58.1,59.3,43.9,64.6,14.6,24.6,36.2,28.6,185,203.3,48.7,52.7,264.2,273.1,27,18.9,28.9,20,11.8,24.4,88,165.6,21.8,14.2,22.6,15.1,207.2,151.7,48.6,67.4,265.2,264.6,52.6,26,66.3,32.8,36.9,18.4,63.4,79.4,62.6,56.8,88.4,71,14.5,23.8,35,41.4,97.5,89.1,56.7,73.7,286.8,269.9,115.8,88.5,64.3,47.9,36.2,22.2
2013-05,103.3,99.8,79.9,162.4,16.9,18.2,62.6,75.8,241.2,257.7,77.1,68.4,112.3,70.3,64,45.6,51.2,46.1,44.6,45.6,146.8,156.9,58.4,57.6,166,163,3.4,49,28.9,37.9,28.6,34.5,97.7,128.7,49.4,27.3,46.6,30.1,150.8,129.9,75.1,54.3,200,169,52.4,39.3,136.6,42.4,57.8,29.6,104,51.3,80.9,43,85.6,50.6,65.6,38.1,68.2,60.4,96.4,72.3,31.6,56.4,177.4,153,66,65,56.9,37.5,89.3,39.1
2013-06,81,74.8,163.4,158,29.8,29.7,71.2,98.8,141.2,226.2,55.8,62.9,107.2,72.3,49.2,42.8,95,62.2,57.6,54.1,164,143.3,100.9,70.7,114,143.8,46.1,63,117.3,65.6,31,49.7,68.4,105.3,42.3,37.4,49.7,36.6,130.4,107.5,54.9,43.4,112.4,147.3,58.4,46.3,39,61.3,104.8,37.6,48,45.3,38.4,37.4,43.8,40,58.4,55.2,111.4,69.3,63.7,65.6,32.8,50.8,77.4,129.7,44.6,53.8,19.1,30.6,91.4,58.6
2013-07,3.8,43.2,14.2,108.7,37.8,32.8,42.8,107.3,32.2,179.8,8.6,39.4,18,48.1,2.2,26.7,9.4,38.3,26,52.1,27.6,117.1,15.2,55.9,2.2,73.7,82.4,78.4,95.4,75.2,10,50.6,84.6,106.7,1.2,31.4,6.8,29.1,3.8,70.7,0,25.4,0.6,79.4,0.8,28.7,41.6,58.9,1,29.6,0.4,26,0,23.2,0.8,23.2,21.2,45.6,32.3,46.8,59.7,73,44.1,52.8,8.6,71,0,35.6,0,17.9,1.6,52.7
2013-08,25.7,45.9,146.6,138.2,25.7,34.2,119.8,82.4,212.8,231.4,68.2,44.6,24.1,30.4,53.8,29.2,50.4,28,33.6,41.8,202.4,145.4,69.5,52.1,154.7,97.6,44.2,71.3,13.5,51.2,33.6,45.3,103.4,166.1,15.6,23.7,30,20.6,45.6,62.5,38,28.4,128.2,99.4,23.4,28.3,53.2,45.9,70,24.3,50.2,34.6,38.2,28,38.2,27.9,58.8,43.8,52.6,34.9,143.2,122.4,39.2,61.2,176,88.1,57,36.7,31.9,23.8,45.5,46.1
2013-09,122.5,75.5,243,228.1,30.1,42,80.6,71.3,459.6,366,114.2,55.2,91.4,42.4,116,41.8,87.4,31.3,78.6,35.2,187.2,208,158.9,53.2,214.9,133.5,58.9,40.2,28.6,44.7,58.4,38,185.2,250.3,24.8,29.4,27.4,24.6,181.6,88.8,141.7,35.8,266.6,145.4,71.5,24.6,42.1,53.7,68.4,23.8,166,46.3,122.5,33.1,159.4,33.3,29.2,53.8,99.2,47.4,111.4,217.3,67.8,111.5,275.2,132.8,130.6,50.9,114.2,31.1,29.4,41.8
2013-10,63.1,152.7,209.2,432,26.7,37.4,66.5,102.5,282.8,631.8,18,162.2,7.4,51.3,15,122.8,16.8,20.1,18.8,40,177,333.5,19.4,66.2,83,330.5,22.1,32.6,11.9,30.8,8,34.9,208,353.9,6.4,19.4,14,27.6,56.4,190,17.2,102.2,122.9,355.5,8.8,26,48.1,60.5,16.3,26.1,16,147.2,20.4,94,19.4,114.7,45.6,64.8,19.8,48.8,176,278,94,190.3,95.8,341.9,37.4,120.8,17.8,88.1,22.4,41
2013-11,217.5,248.2,407.6,496.4,43.6,36.1,71.4,115.2,472,677.8,137.2,231.9,84.6,96.7,140,200.5,39.6,35.3,79.8,51.4,267,347.2,81.8,102.2,266,468,30.9,25.6,51,29.2,71,51.1,199.2,296.8,40.9,23.3,32.4,35.4,242.2,288.6,103.4,197.2,274,480.2,45.4,28.1,47.6,47.7,30.8,44.5,114.8,218.1,72.5,167.9,108.4,225.4,30.8,55,55.8,72.1,216.5,230.1,103.3,187.1,303.8,492.1,123.2,188.9,86.1,152.6,57.4,42.2
2013-12,118,186.6,581.4,367.4,73.5,36.4,116.3,88.4,885.4,628.1,104.7,225.7,42.4,90.3,61.8,187.9,22,32.7,56.7,45.9,354.2,274.5,87.6,91.6,190.8,429.2,106.2,18,134.8,22,28.2,43.9,257.4,270.9,21.4,25.4,27.4,36,122.8,211.2,25.4,184.3,211.6,427.7,15,28.6,115,44.1,22.2,36.4,27.8,189.8,27.9,154.3,31.2,194.6,103.2,41.9,26.8,53.4,378.6,222.2,217.7,180.9,169.6,440,70,161.9,39.3,142.5,35.2,37.6
2014-01,137.9,211.7,299.6,405.7,16.5,45.6,124.2,105.4,367.6,601.9,94.4,217.5,42.5,75.5,79.6,171.9,26.8,25.5,28.6,42.8,198.2,279.7,76.5,93.1,233,455.5,18.4,21.5,23.4,25.4,37.6,45.9,90.6,266.2,8.8,21.1,19,30.5,175.4,253.4,110.5,187.9,275.6,471.6,18.2,26.9,45.2,54.4,22.2,39.7,112.4,211,97.8,162.1,153,215.3,47.4,42.7,37.4,53.9,175.5,238,89.5,173.5,216,486.6,142.2,168.4,114.6,143.2,26.4,33.1
2014-02,100.3,132.3,214,266.1,3.9,25.4,65.2,53.8,313.6,428.5,126.6,149.5,47.2,51.2,167.4,114.3,24.6,18.9,14.6,22.8,126.1,210.5,78.4,56.2,229.6,313.6,11.3,14.9,32.2,19,28.4,24.1,65.6,174.3,3.8,12.4,16.5,19.4,125.6,160.6,207,126,234.2,325.4,25,19.8,34.6,29,66.7,20.5,94,139.9,158.2,98.5,217.2,134.7,14.6,23.4,47.6,40.9,50.6,137,57.8,110.6,237.8,336.1,141.8,104.6,160.5,89.3,7.4,18.6
2014-03,283.1,149.3,367.8,263.2,19.3,17.4,103.6,64.7,404.4,428.4,163.8,140,87.3,62.9,149.2,105.7,45.4,22.2,28,25,203.6,209.2,105.4,55.5,360.8,303,4.2,18.8,32.5,23.7,58.2,24.4,138.6,189.5,17.7,12.8,22.8,16.2,295.4,168.6,152.2,113,374.8,314.2,11.8,23.6,24.2,27.4,26,16.5,138.6,120.6,131.8,88.6,178.4,119.2,8.4,20.6,76.6,44.2,129.7,121.8,142.9,92.3,342.8,329.8,160,113.9,129.1,78.4,18.5,17.9
2014-04,121.6,117.8,239.7,236.1,20.8,9.4,50.8,58.7,597.4,389.1,69.6,92.1,63.4,59.3,54.8,64.6,24.6,24.6,31.8,28.6,292.2,203.3,46.6,52.7,290.2,273.1,32.6,18.9,45,20,25.2,24.4,295.8,165.6,12.2,14.2,13.2,15.1,155.2,151.7,43.8,67.4,313.5,264.6,33.4,26,50.9,32.8,7.4,18.4,64.1,79.4,56.9,56.8,54.8,71,30,23.8,25,41.4,215,89.1,119.6,73.7,296.2,269.9,82,88.5,48.2,47.9,22.6,22.2
2014-05,123.2,99.8,159,162.4,27.6,18.2,125,75.8,291.8,257.7,55.2,68.4,69.3,70.3,47.6,45.6,59,46.1,91.6,45.6,139.6,156.9,64.3,57.6,65.5,163,12.2,49,12.6,37.9,86,34.5,108,128.7,41.2,27.3,53,30.1,152,129.9,33.6,54.3,85.2,169,30.6,39.3,35.1,42.4,23.2,29.6,36.2,51.3,42.6,43,51.2,50.6,41.4,38.1,70.4,60.4,72.5,72.3,73.7,56.4,85,153,71.4,65,31.2,37.5,117.7,39.1
2014-06,42.2,74.8,156.8,158,37,29.7,74,98.8,256.2,226.2,13.9,62.9,98,72.3,16.6,42.8,26.8,62.2,34.4,54.1,171.6,143.3,52.4,70.7,95.1,143.8,127.2,63,37.2,65.6,51.4,49.7,141,105.3,31.4,37.4,34.2,36.6,60.2,107.5,22.5,43.4,94.4,147.3,45,46.3,13.6,61.3,39.8,37.6,25,45.3,27,37.4,9.2,40,31.7,55.2,58.6,69.3,79.4,65.6,49.6,50.8,68.2,129.7,36.8,53.8,15.6,30.6,72.8,58.6
2014-07,35.1,43.2,129.4,108.7,60.3,32.8,52,107.3,208.2,179.8,44.4,39.4,11.1,48.1,36.4,26.7,10,38.3,40.8,52.1,122.8,117.1,19,55.9,104.2,73.7,101.2,78.4,39.4,75.2,25.2,50.6,95.2,106.7,30.5,31.4,25,29.1,51.2,70.7,12.8,25.4,123.2,79.4,21.2,28.7,23.3,58.9,19.6,29.6,30.8,26,10.3,23.2,9.2,23.2,14.2,45.6,31,46.8,78.4,73,25.3,52.8,63.4,71,16.4,35.6,5.8,17.9,44.6,52.7
2014-08,7.6,45.9,79.2,138.2,23.5,34.2,91.4,82.4,134.4,231.4,20.2,44.6,42.2,30.4,20.4,29.2,50.6,28,46.6,41.8,63.3,145.4,27.9,52.1,12.2,97.6,13.2,71.3,3,51.2,46.6,45.3,109.6,166.1,51.1,23.7,6.2,20.6,27,62.5,11,28.4,22.4,99.4,15.8,28.3,19.5,45.9,28.8,24.3,20.6,34.6,16.5,28,13.6,27.9,12.6,43.8,33.4,34.9,149.5,122.4,30.2,61.2,7,88.1,16.6,36.7,18,23.8,62.4,46.1
2014-09,97.7,75.5,114.4,228.1,64.9,42,112.8,71.3,148.8,366,71.6,55.2,26.1,42.4,47.6,41.8,60.8,31.3,23.2,35.2,100.4,208,47.8,53.2,117,133.5,35.8,40.2,39.7,44.7,48,38,133,250.3,22.2,29.4,13.8,24.6,106.4,88.8,52.8,35.8,108.4,145.4,31.2,24.6,35,53.7,33.6,23.8,45.3,46.3,43.3,33.1,54.6,33.3,24.8,53.8,64.4,47.4,250.5,217.3,75.4,111.5,108,132.8,61.2,50.9,44.4,31.1,19.4,41.8
2014-10,230.8,152.7,575.4,432,42.3,37.4,149,102.5,943,631.8,244.4,162.2,90.1,51.3,238,122.8,29.4,20.1,39,40,493.4,333.5,94.6,66.2,559.6,330.5,45.1,32.6,53.3,30.8,48.8,34.9,374.2,353.9,12.6,19.4,15.9,27.6,300.4,190,200.4,102.2,512.8,355.5,45.4,26,60.8,60.5,16.6,26.1,216.5,147.2,125.7,94,199.2,114.7,108.4,64.8,27.6,48.8,319,278,311.9,190.3,535.2,341.9,183.8,120.8,143.4,88.1,48.6,41
2014-11,232.5,248.2,481.8,496.4,19.6,36.1,180.2,115.2,550.4,677.8,151.2,231.9,96.3,96.7,102.8,200.5,53.6,35.3,50.8,51.4,461.8,347.2,106,102.2,354,468,32.8,25.6,56.3,29.2,106.2,51.1,246.8,296.8,21.1,23.3,14.3,35.4,316.6,288.6,110.9,197.2,388.2,480.2,46.1,28.1,54.7,47.7,69.7,44.5,214.8,218.1,89.2,167.9,141.6,225.4,49.2,55,135.3,72.1,187.4,230.1,147.7,187.1,435,492.1,180.8,188.9,80.1,152.6,53.8,42.2
2014-12,214.2,186.6,351.2,367.4,12,36.4,106.4,88.4,532.6,628.1,180,225.7,95.3,90.3,241.5,187.9,25.5,32.7,43,45.9,229.8,274.5,78.4,91.6,343.2,429.2,14.8,18,33.2,22,34.6,43.9,211,270.9,25,25.4,27.2,36,263,211.2,198.5,184.3,274.4,427.7,46.6,28.6,49.7,44.1,28.2,36.4,160.6,189.8,149.2,154.3,181,194.6,29.3,41.9,36.4,53.4,107.7,222.2,213.9,180.9,362.2,440,167.6,161.9,118.2,142.5,16.6,37.6